tensor,format,shape,bytes,role,tp2_placement
vision/layers/0/attention/qkv,Q4G64_F16S,3456x1152,2115072,attention,replicated (both ranks)
vision/layers/1/attention/qkv,Q4G64_F16S,3456x1152,2115072,attention,replicated (both ranks)
vision/layers/10/attention/qkv,Q4G64_F16S,3456x1152,2115072,attention,replicated (both ranks)
vision/layers/11/attention/qkv,Q4G64_F16S,3456x1152,2115072,attention,replicated (both ranks)
vision/layers/12/attention/qkv,Q4G64_F16S,3456x1152,2115072,attention,replicated (both ranks)
vision/layers/13/attention/qkv,Q4G64_F16S,3456x1152,2115072,attention,replicated (both ranks)
vision/layers/14/attention/qkv,Q4G64_F16S,3456x1152,2115072,attention,replicated (both ranks)
vision/layers/15/attention/qkv,Q4G64_F16S,3456x1152,2115072,attention,replicated (both ranks)
vision/layers/16/attention/qkv,Q4G64_F16S,3456x1152,2115072,attention,replicated (both ranks)
vision/layers/17/attention/qkv,Q4G64_F16S,3456x1152,2115072,attention,replicated (both ranks)
vision/layers/18/attention/qkv,Q4G64_F16S,3456x1152,2115072,attention,replicated (both ranks)
vision/layers/19/attention/qkv,Q4G64_F16S,3456x1152,2115072,attention,replicated (both ranks)
vision/layers/2/attention/qkv,Q4G64_F16S,3456x1152,2115072,attention,replicated (both ranks)
vision/layers/20/attention/qkv,Q4G64_F16S,3456x1152,2115072,attention,replicated (both ranks)
vision/layers/21/attention/qkv,Q4G64_F16S,3456x1152,2115072,attention,replicated (both ranks)
vision/layers/22/attention/qkv,Q4G64_F16S,3456x1152,2115072,attention,replicated (both ranks)
vision/layers/23/attention/qkv,Q4G64_F16S,3456x1152,2115072,attention,replicated (both ranks)
vision/layers/24/attention/qkv,Q4G64_F16S,3456x1152,2115072,attention,replicated (both ranks)
vision/layers/25/attention/qkv,Q4G64_F16S,3456x1152,2115072,attention,replicated (both ranks)
vision/layers/26/attention/qkv,Q4G64_F16S,3456x1152,2115072,attention,replicated (both ranks)
vision/layers/3/attention/qkv,Q4G64_F16S,3456x1152,2115072,attention,replicated (both ranks)
vision/layers/4/attention/qkv,Q4G64_F16S,3456x1152,2115072,attention,replicated (both ranks)
vision/layers/5/attention/qkv,Q4G64_F16S,3456x1152,2115072,attention,replicated (both ranks)
vision/layers/6/attention/qkv,Q4G64_F16S,3456x1152,2115072,attention,replicated (both ranks)
vision/layers/7/attention/qkv,Q4G64_F16S,3456x1152,2115072,attention,replicated (both ranks)
vision/layers/8/attention/qkv,Q4G64_F16S,3456x1152,2115072,attention,replicated (both ranks)
vision/layers/9/attention/qkv,Q4G64_F16S,3456x1152,2115072,attention,replicated (both ranks)
vision/layers/0/attention/output,Q5G64_F16S,1152x1152,870912,attention,replicated (both ranks)
vision/layers/1/attention/output,Q5G64_F16S,1152x1152,870912,attention,replicated (both ranks)
vision/layers/10/attention/output,Q5G64_F16S,1152x1152,870912,attention,replicated (both ranks)
vision/layers/11/attention/output,Q5G64_F16S,1152x1152,870912,attention,replicated (both ranks)
vision/layers/12/attention/output,Q5G64_F16S,1152x1152,870912,attention,replicated (both ranks)
vision/layers/13/attention/output,Q5G64_F16S,1152x1152,870912,attention,replicated (both ranks)
vision/layers/14/attention/output,Q5G64_F16S,1152x1152,870912,attention,replicated (both ranks)
vision/layers/15/attention/output,Q5G64_F16S,1152x1152,870912,attention,replicated (both ranks)
vision/layers/16/attention/output,Q5G64_F16S,1152x1152,870912,attention,replicated (both ranks)
vision/layers/17/attention/output,Q5G64_F16S,1152x1152,870912,attention,replicated (both ranks)
vision/layers/18/attention/output,Q5G64_F16S,1152x1152,870912,attention,replicated (both ranks)
vision/layers/19/attention/output,Q5G64_F16S,1152x1152,870912,attention,replicated (both ranks)
vision/layers/2/attention/output,Q5G64_F16S,1152x1152,870912,attention,replicated (both ranks)
vision/layers/20/attention/output,Q5G64_F16S,1152x1152,870912,attention,replicated (both ranks)
vision/layers/21/attention/output,Q5G64_F16S,1152x1152,870912,attention,replicated (both ranks)
vision/layers/22/attention/output,Q5G64_F16S,1152x1152,870912,attention,replicated (both ranks)
vision/layers/23/attention/output,Q5G64_F16S,1152x1152,870912,attention,replicated (both ranks)
vision/layers/24/attention/output,Q5G64_F16S,1152x1152,870912,attention,replicated (both ranks)
vision/layers/25/attention/output,Q5G64_F16S,1152x1152,870912,attention,replicated (both ranks)
vision/layers/26/attention/output,Q5G64_F16S,1152x1152,870912,attention,replicated (both ranks)
vision/layers/3/attention/output,Q5G64_F16S,1152x1152,870912,attention,replicated (both ranks)
vision/layers/4/attention/output,Q5G64_F16S,1152x1152,870912,attention,replicated (both ranks)
vision/layers/5/attention/output,Q5G64_F16S,1152x1152,870912,attention,replicated (both ranks)
vision/layers/6/attention/output,Q5G64_F16S,1152x1152,870912,attention,replicated (both ranks)
vision/layers/7/attention/output,Q5G64_F16S,1152x1152,870912,attention,replicated (both ranks)
vision/layers/8/attention/output,Q5G64_F16S,1152x1152,870912,attention,replicated (both ranks)
vision/layers/9/attention/output,Q5G64_F16S,1152x1152,870912,attention,replicated (both ranks)
vision/layers/0/attention/qkv_bias,BF16,3456,6912,attention,replicated (both ranks)
vision/layers/1/attention/qkv_bias,BF16,3456,6912,attention,replicated (both ranks)
vision/layers/10/attention/qkv_bias,BF16,3456,6912,attention,replicated (both ranks)
vision/layers/11/attention/qkv_bias,BF16,3456,6912,attention,replicated (both ranks)
vision/layers/12/attention/qkv_bias,BF16,3456,6912,attention,replicated (both ranks)
vision/layers/13/attention/qkv_bias,BF16,3456,6912,attention,replicated (both ranks)
vision/layers/14/attention/qkv_bias,BF16,3456,6912,attention,replicated (both ranks)
vision/layers/15/attention/qkv_bias,BF16,3456,6912,attention,replicated (both ranks)
vision/layers/16/attention/qkv_bias,BF16,3456,6912,attention,replicated (both ranks)
vision/layers/17/attention/qkv_bias,BF16,3456,6912,attention,replicated (both ranks)
vision/layers/18/attention/qkv_bias,BF16,3456,6912,attention,replicated (both ranks)
vision/layers/19/attention/qkv_bias,BF16,3456,6912,attention,replicated (both ranks)
vision/layers/2/attention/qkv_bias,BF16,3456,6912,attention,replicated (both ranks)
vision/layers/20/attention/qkv_bias,BF16,3456,6912,attention,replicated (both ranks)
vision/layers/21/attention/qkv_bias,BF16,3456,6912,attention,replicated (both ranks)
vision/layers/22/attention/qkv_bias,BF16,3456,6912,attention,replicated (both ranks)
vision/layers/23/attention/qkv_bias,BF16,3456,6912,attention,replicated (both ranks)
vision/layers/24/attention/qkv_bias,BF16,3456,6912,attention,replicated (both ranks)
vision/layers/25/attention/qkv_bias,BF16,3456,6912,attention,replicated (both ranks)
vision/layers/26/attention/qkv_bias,BF16,3456,6912,attention,replicated (both ranks)
vision/layers/3/attention/qkv_bias,BF16,3456,6912,attention,replicated (both ranks)
vision/layers/4/attention/qkv_bias,BF16,3456,6912,attention,replicated (both ranks)
vision/layers/5/attention/qkv_bias,BF16,3456,6912,attention,replicated (both ranks)
vision/layers/6/attention/qkv_bias,BF16,3456,6912,attention,replicated (both ranks)
vision/layers/7/attention/qkv_bias,BF16,3456,6912,attention,replicated (both ranks)
vision/layers/8/attention/qkv_bias,BF16,3456,6912,attention,replicated (both ranks)
vision/layers/9/attention/qkv_bias,BF16,3456,6912,attention,replicated (both ranks)
vision/layers/0/attention/output_bias,BF16,1152,2304,attention,replicated (both ranks)
vision/layers/1/attention/output_bias,BF16,1152,2304,attention,replicated (both ranks)
vision/layers/10/attention/output_bias,BF16,1152,2304,attention,replicated (both ranks)
vision/layers/11/attention/output_bias,BF16,1152,2304,attention,replicated (both ranks)
vision/layers/12/attention/output_bias,BF16,1152,2304,attention,replicated (both ranks)
vision/layers/13/attention/output_bias,BF16,1152,2304,attention,replicated (both ranks)
vision/layers/14/attention/output_bias,BF16,1152,2304,attention,replicated (both ranks)
vision/layers/15/attention/output_bias,BF16,1152,2304,attention,replicated (both ranks)
vision/layers/16/attention/output_bias,BF16,1152,2304,attention,replicated (both ranks)
vision/layers/17/attention/output_bias,BF16,1152,2304,attention,replicated (both ranks)
vision/layers/18/attention/output_bias,BF16,1152,2304,attention,replicated (both ranks)
vision/layers/19/attention/output_bias,BF16,1152,2304,attention,replicated (both ranks)
vision/layers/2/attention/output_bias,BF16,1152,2304,attention,replicated (both ranks)
vision/layers/20/attention/output_bias,BF16,1152,2304,attention,replicated (both ranks)
vision/layers/21/attention/output_bias,BF16,1152,2304,attention,replicated (both ranks)
vision/layers/22/attention/output_bias,BF16,1152,2304,attention,replicated (both ranks)
vision/layers/23/attention/output_bias,BF16,1152,2304,attention,replicated (both ranks)
vision/layers/24/attention/output_bias,BF16,1152,2304,attention,replicated (both ranks)
vision/layers/25/attention/output_bias,BF16,1152,2304,attention,replicated (both ranks)
vision/layers/26/attention/output_bias,BF16,1152,2304,attention,replicated (both ranks)
vision/layers/3/attention/output_bias,BF16,1152,2304,attention,replicated (both ranks)
vision/layers/4/attention/output_bias,BF16,1152,2304,attention,replicated (both ranks)
vision/layers/5/attention/output_bias,BF16,1152,2304,attention,replicated (both ranks)
vision/layers/6/attention/output_bias,BF16,1152,2304,attention,replicated (both ranks)
vision/layers/7/attention/output_bias,BF16,1152,2304,attention,replicated (both ranks)
vision/layers/8/attention/output_bias,BF16,1152,2304,attention,replicated (both ranks)
vision/layers/9/attention/output_bias,BF16,1152,2304,attention,replicated (both ranks)
vision/merger/fc2,W8G32_F16S,5120x4608,25067520,merger/projector,replicated (both ranks)
vision/merger/fc1,W8G32_F16S,4608x4608,22560768,merger/projector,replicated (both ranks)
vision/merger/fc2_bias,BF16,5120,10240,merger/projector,replicated (both ranks)
vision/merger/fc1_bias,BF16,4608,9216,merger/projector,replicated (both ranks)
vision/merger/norm/bias,BF16,1152,2304,merger/projector,replicated (both ranks)
vision/merger/norm/weight,BF16,1152,2304,merger/projector,replicated (both ranks)
vision/layers/0/mlp/fc2,Q5G64_F16S,1152x4304,3290112,mlp,replicated (both ranks)
vision/layers/1/mlp/fc2,Q5G64_F16S,1152x4304,3290112,mlp,replicated (both ranks)
vision/layers/10/mlp/fc2,Q5G64_F16S,1152x4304,3290112,mlp,replicated (both ranks)
vision/layers/11/mlp/fc2,Q5G64_F16S,1152x4304,3290112,mlp,replicated (both ranks)
vision/layers/12/mlp/fc2,Q5G64_F16S,1152x4304,3290112,mlp,replicated (both ranks)
vision/layers/13/mlp/fc2,Q5G64_F16S,1152x4304,3290112,mlp,replicated (both ranks)
vision/layers/14/mlp/fc2,Q5G64_F16S,1152x4304,3290112,mlp,replicated (both ranks)
vision/layers/15/mlp/fc2,Q5G64_F16S,1152x4304,3290112,mlp,replicated (both ranks)
vision/layers/16/mlp/fc2,Q5G64_F16S,1152x4304,3290112,mlp,replicated (both ranks)
vision/layers/17/mlp/fc2,Q5G64_F16S,1152x4304,3290112,mlp,replicated (both ranks)
vision/layers/18/mlp/fc2,Q5G64_F16S,1152x4304,3290112,mlp,replicated (both ranks)
vision/layers/19/mlp/fc2,Q5G64_F16S,1152x4304,3290112,mlp,replicated (both ranks)
vision/layers/2/mlp/fc2,Q5G64_F16S,1152x4304,3290112,mlp,replicated (both ranks)
vision/layers/20/mlp/fc2,Q5G64_F16S,1152x4304,3290112,mlp,replicated (both ranks)
vision/layers/21/mlp/fc2,Q5G64_F16S,1152x4304,3290112,mlp,replicated (both ranks)
vision/layers/22/mlp/fc2,Q5G64_F16S,1152x4304,3290112,mlp,replicated (both ranks)
vision/layers/23/mlp/fc2,Q5G64_F16S,1152x4304,3290112,mlp,replicated (both ranks)
vision/layers/24/mlp/fc2,Q5G64_F16S,1152x4304,3290112,mlp,replicated (both ranks)
vision/layers/25/mlp/fc2,Q5G64_F16S,1152x4304,3290112,mlp,replicated (both ranks)
vision/layers/26/mlp/fc2,Q5G64_F16S,1152x4304,3290112,mlp,replicated (both ranks)
vision/layers/3/mlp/fc2,Q5G64_F16S,1152x4304,3290112,mlp,replicated (both ranks)
vision/layers/4/mlp/fc2,Q5G64_F16S,1152x4304,3290112,mlp,replicated (both ranks)
vision/layers/5/mlp/fc2,Q5G64_F16S,1152x4304,3290112,mlp,replicated (both ranks)
vision/layers/6/mlp/fc2,Q5G64_F16S,1152x4304,3290112,mlp,replicated (both ranks)
vision/layers/7/mlp/fc2,Q5G64_F16S,1152x4304,3290112,mlp,replicated (both ranks)
vision/layers/8/mlp/fc2,Q5G64_F16S,1152x4304,3290112,mlp,replicated (both ranks)
vision/layers/9/mlp/fc2,Q5G64_F16S,1152x4304,3290112,mlp,replicated (both ranks)
vision/layers/0/mlp/fc1,Q4G64_F16S,4304x1152,2634048,mlp,replicated (both ranks)
vision/layers/1/mlp/fc1,Q4G64_F16S,4304x1152,2634048,mlp,replicated (both ranks)
vision/layers/10/mlp/fc1,Q4G64_F16S,4304x1152,2634048,mlp,replicated (both ranks)
vision/layers/11/mlp/fc1,Q4G64_F16S,4304x1152,2634048,mlp,replicated (both ranks)
vision/layers/12/mlp/fc1,Q4G64_F16S,4304x1152,2634048,mlp,replicated (both ranks)
vision/layers/13/mlp/fc1,Q4G64_F16S,4304x1152,2634048,mlp,replicated (both ranks)
vision/layers/14/mlp/fc1,Q4G64_F16S,4304x1152,2634048,mlp,replicated (both ranks)
vision/layers/15/mlp/fc1,Q4G64_F16S,4304x1152,2634048,mlp,replicated (both ranks)
vision/layers/16/mlp/fc1,Q4G64_F16S,4304x1152,2634048,mlp,replicated (both ranks)
vision/layers/17/mlp/fc1,Q4G64_F16S,4304x1152,2634048,mlp,replicated (both ranks)
vision/layers/18/mlp/fc1,Q4G64_F16S,4304x1152,2634048,mlp,replicated (both ranks)
vision/layers/19/mlp/fc1,Q4G64_F16S,4304x1152,2634048,mlp,replicated (both ranks)
vision/layers/2/mlp/fc1,Q4G64_F16S,4304x1152,2634048,mlp,replicated (both ranks)
vision/layers/20/mlp/fc1,Q4G64_F16S,4304x1152,2634048,mlp,replicated (both ranks)
vision/layers/21/mlp/fc1,Q4G64_F16S,4304x1152,2634048,mlp,replicated (both ranks)
vision/layers/22/mlp/fc1,Q4G64_F16S,4304x1152,2634048,mlp,replicated (both ranks)
vision/layers/23/mlp/fc1,Q4G64_F16S,4304x1152,2634048,mlp,replicated (both ranks)
vision/layers/24/mlp/fc1,Q4G64_F16S,4304x1152,2634048,mlp,replicated (both ranks)
vision/layers/25/mlp/fc1,Q4G64_F16S,4304x1152,2634048,mlp,replicated (both ranks)
vision/layers/26/mlp/fc1,Q4G64_F16S,4304x1152,2634048,mlp,replicated (both ranks)
vision/layers/3/mlp/fc1,Q4G64_F16S,4304x1152,2634048,mlp,replicated (both ranks)
vision/layers/4/mlp/fc1,Q4G64_F16S,4304x1152,2634048,mlp,replicated (both ranks)
vision/layers/5/mlp/fc1,Q4G64_F16S,4304x1152,2634048,mlp,replicated (both ranks)
vision/layers/6/mlp/fc1,Q4G64_F16S,4304x1152,2634048,mlp,replicated (both ranks)
vision/layers/7/mlp/fc1,Q4G64_F16S,4304x1152,2634048,mlp,replicated (both ranks)
vision/layers/8/mlp/fc1,Q4G64_F16S,4304x1152,2634048,mlp,replicated (both ranks)
vision/layers/9/mlp/fc1,Q4G64_F16S,4304x1152,2634048,mlp,replicated (both ranks)
vision/layers/0/mlp/fc1_bias,BF16,4304,8608,mlp,replicated (both ranks)
vision/layers/1/mlp/fc1_bias,BF16,4304,8608,mlp,replicated (both ranks)
vision/layers/10/mlp/fc1_bias,BF16,4304,8608,mlp,replicated (both ranks)
vision/layers/11/mlp/fc1_bias,BF16,4304,8608,mlp,replicated (both ranks)
vision/layers/12/mlp/fc1_bias,BF16,4304,8608,mlp,replicated (both ranks)
vision/layers/13/mlp/fc1_bias,BF16,4304,8608,mlp,replicated (both ranks)
vision/layers/14/mlp/fc1_bias,BF16,4304,8608,mlp,replicated (both ranks)
vision/layers/15/mlp/fc1_bias,BF16,4304,8608,mlp,replicated (both ranks)
vision/layers/16/mlp/fc1_bias,BF16,4304,8608,mlp,replicated (both ranks)
vision/layers/17/mlp/fc1_bias,BF16,4304,8608,mlp,replicated (both ranks)
vision/layers/18/mlp/fc1_bias,BF16,4304,8608,mlp,replicated (both ranks)
vision/layers/19/mlp/fc1_bias,BF16,4304,8608,mlp,replicated (both ranks)
vision/layers/2/mlp/fc1_bias,BF16,4304,8608,mlp,replicated (both ranks)
vision/layers/20/mlp/fc1_bias,BF16,4304,8608,mlp,replicated (both ranks)
vision/layers/21/mlp/fc1_bias,BF16,4304,8608,mlp,replicated (both ranks)
vision/layers/22/mlp/fc1_bias,BF16,4304,8608,mlp,replicated (both ranks)
vision/layers/23/mlp/fc1_bias,BF16,4304,8608,mlp,replicated (both ranks)
vision/layers/24/mlp/fc1_bias,BF16,4304,8608,mlp,replicated (both ranks)
vision/layers/25/mlp/fc1_bias,BF16,4304,8608,mlp,replicated (both ranks)
vision/layers/26/mlp/fc1_bias,BF16,4304,8608,mlp,replicated (both ranks)
vision/layers/3/mlp/fc1_bias,BF16,4304,8608,mlp,replicated (both ranks)
vision/layers/4/mlp/fc1_bias,BF16,4304,8608,mlp,replicated (both ranks)
vision/layers/5/mlp/fc1_bias,BF16,4304,8608,mlp,replicated (both ranks)
vision/layers/6/mlp/fc1_bias,BF16,4304,8608,mlp,replicated (both ranks)
vision/layers/7/mlp/fc1_bias,BF16,4304,8608,mlp,replicated (both ranks)
vision/layers/8/mlp/fc1_bias,BF16,4304,8608,mlp,replicated (both ranks)
vision/layers/9/mlp/fc1_bias,BF16,4304,8608,mlp,replicated (both ranks)
vision/layers/0/mlp/fc2_bias,BF16,1152,2304,mlp,replicated (both ranks)
vision/layers/1/mlp/fc2_bias,BF16,1152,2304,mlp,replicated (both ranks)
vision/layers/10/mlp/fc2_bias,BF16,1152,2304,mlp,replicated (both ranks)
vision/layers/11/mlp/fc2_bias,BF16,1152,2304,mlp,replicated (both ranks)
vision/layers/12/mlp/fc2_bias,BF16,1152,2304,mlp,replicated (both ranks)
vision/layers/13/mlp/fc2_bias,BF16,1152,2304,mlp,replicated (both ranks)
vision/layers/14/mlp/fc2_bias,BF16,1152,2304,mlp,replicated (both ranks)
vision/layers/15/mlp/fc2_bias,BF16,1152,2304,mlp,replicated (both ranks)
vision/layers/16/mlp/fc2_bias,BF16,1152,2304,mlp,replicated (both ranks)
vision/layers/17/mlp/fc2_bias,BF16,1152,2304,mlp,replicated (both ranks)
vision/layers/18/mlp/fc2_bias,BF16,1152,2304,mlp,replicated (both ranks)
vision/layers/19/mlp/fc2_bias,BF16,1152,2304,mlp,replicated (both ranks)
vision/layers/2/mlp/fc2_bias,BF16,1152,2304,mlp,replicated (both ranks)
vision/layers/20/mlp/fc2_bias,BF16,1152,2304,mlp,replicated (both ranks)
vision/layers/21/mlp/fc2_bias,BF16,1152,2304,mlp,replicated (both ranks)
vision/layers/22/mlp/fc2_bias,BF16,1152,2304,mlp,replicated (both ranks)
vision/layers/23/mlp/fc2_bias,BF16,1152,2304,mlp,replicated (both ranks)
vision/layers/24/mlp/fc2_bias,BF16,1152,2304,mlp,replicated (both ranks)
vision/layers/25/mlp/fc2_bias,BF16,1152,2304,mlp,replicated (both ranks)
vision/layers/26/mlp/fc2_bias,BF16,1152,2304,mlp,replicated (both ranks)
vision/layers/3/mlp/fc2_bias,BF16,1152,2304,mlp,replicated (both ranks)
vision/layers/4/mlp/fc2_bias,BF16,1152,2304,mlp,replicated (both ranks)
vision/layers/5/mlp/fc2_bias,BF16,1152,2304,mlp,replicated (both ranks)
vision/layers/6/mlp/fc2_bias,BF16,1152,2304,mlp,replicated (both ranks)
vision/layers/7/mlp/fc2_bias,BF16,1152,2304,mlp,replicated (both ranks)
vision/layers/8/mlp/fc2_bias,BF16,1152,2304,mlp,replicated (both ranks)
vision/layers/9/mlp/fc2_bias,BF16,1152,2304,mlp,replicated (both ranks)
vision/layers/0/norm1/bias,BF16,1152,2304,norm,replicated (both ranks)
vision/layers/0/norm1/weight,BF16,1152,2304,norm,replicated (both ranks)
vision/layers/0/norm2/bias,BF16,1152,2304,norm,replicated (both ranks)
vision/layers/0/norm2/weight,BF16,1152,2304,norm,replicated (both ranks)
vision/layers/1/norm1/bias,BF16,1152,2304,norm,replicated (both ranks)
vision/layers/1/norm1/weight,BF16,1152,2304,norm,replicated (both ranks)
vision/layers/1/norm2/bias,BF16,1152,2304,norm,replicated (both ranks)
vision/layers/1/norm2/weight,BF16,1152,2304,norm,replicated (both ranks)
vision/layers/10/norm1/bias,BF16,1152,2304,norm,replicated (both ranks)
vision/layers/10/norm1/weight,BF16,1152,2304,norm,replicated (both ranks)
vision/layers/10/norm2/bias,BF16,1152,2304,norm,replicated (both ranks)
vision/layers/10/norm2/weight,BF16,1152,2304,norm,replicated (both ranks)
vision/layers/11/norm1/bias,BF16,1152,2304,norm,replicated (both ranks)
vision/layers/11/norm1/weight,BF16,1152,2304,norm,replicated (both ranks)
vision/layers/11/norm2/bias,BF16,1152,2304,norm,replicated (both ranks)
vision/layers/11/norm2/weight,BF16,1152,2304,norm,replicated (both ranks)
vision/layers/12/norm1/bias,BF16,1152,2304,norm,replicated (both ranks)
vision/layers/12/norm1/weight,BF16,1152,2304,norm,replicated (both ranks)
vision/layers/12/norm2/bias,BF16,1152,2304,norm,replicated (both ranks)
vision/layers/12/norm2/weight,BF16,1152,2304,norm,replicated (both ranks)
vision/layers/13/norm1/bias,BF16,1152,2304,norm,replicated (both ranks)
vision/layers/13/norm1/weight,BF16,1152,2304,norm,replicated (both ranks)
vision/layers/13/norm2/bias,BF16,1152,2304,norm,replicated (both ranks)
vision/layers/13/norm2/weight,BF16,1152,2304,norm,replicated (both ranks)
vision/layers/14/norm1/bias,BF16,1152,2304,norm,replicated (both ranks)
vision/layers/14/norm1/weight,BF16,1152,2304,norm,replicated (both ranks)
vision/layers/14/norm2/bias,BF16,1152,2304,norm,replicated (both ranks)
vision/layers/14/norm2/weight,BF16,1152,2304,norm,replicated (both ranks)
vision/layers/15/norm1/bias,BF16,1152,2304,norm,replicated (both ranks)
vision/layers/15/norm1/weight,BF16,1152,2304,norm,replicated (both ranks)
vision/layers/15/norm2/bias,BF16,1152,2304,norm,replicated (both ranks)
vision/layers/15/norm2/weight,BF16,1152,2304,norm,replicated (both ranks)
vision/layers/16/norm1/bias,BF16,1152,2304,norm,replicated (both ranks)
vision/layers/16/norm1/weight,BF16,1152,2304,norm,replicated (both ranks)
vision/layers/16/norm2/bias,BF16,1152,2304,norm,replicated (both ranks)
vision/layers/16/norm2/weight,BF16,1152,2304,norm,replicated (both ranks)
vision/layers/17/norm1/bias,BF16,1152,2304,norm,replicated (both ranks)
vision/layers/17/norm1/weight,BF16,1152,2304,norm,replicated (both ranks)
vision/layers/17/norm2/bias,BF16,1152,2304,norm,replicated (both ranks)
vision/layers/17/norm2/weight,BF16,1152,2304,norm,replicated (both ranks)
vision/layers/18/norm1/bias,BF16,1152,2304,norm,replicated (both ranks)
vision/layers/18/norm1/weight,BF16,1152,2304,norm,replicated (both ranks)
vision/layers/18/norm2/bias,BF16,1152,2304,norm,replicated (both ranks)
vision/layers/18/norm2/weight,BF16,1152,2304,norm,replicated (both ranks)
vision/layers/19/norm1/bias,BF16,1152,2304,norm,replicated (both ranks)
vision/layers/19/norm1/weight,BF16,1152,2304,norm,replicated (both ranks)
vision/layers/19/norm2/bias,BF16,1152,2304,norm,replicated (both ranks)
vision/layers/19/norm2/weight,BF16,1152,2304,norm,replicated (both ranks)
vision/layers/2/norm1/bias,BF16,1152,2304,norm,replicated (both ranks)
vision/layers/2/norm1/weight,BF16,1152,2304,norm,replicated (both ranks)
vision/layers/2/norm2/bias,BF16,1152,2304,norm,replicated (both ranks)
vision/layers/2/norm2/weight,BF16,1152,2304,norm,replicated (both ranks)
vision/layers/20/norm1/bias,BF16,1152,2304,norm,replicated (both ranks)
vision/layers/20/norm1/weight,BF16,1152,2304,norm,replicated (both ranks)
vision/layers/20/norm2/bias,BF16,1152,2304,norm,replicated (both ranks)
vision/layers/20/norm2/weight,BF16,1152,2304,norm,replicated (both ranks)
vision/layers/21/norm1/bias,BF16,1152,2304,norm,replicated (both ranks)
vision/layers/21/norm1/weight,BF16,1152,2304,norm,replicated (both ranks)
vision/layers/21/norm2/bias,BF16,1152,2304,norm,replicated (both ranks)
vision/layers/21/norm2/weight,BF16,1152,2304,norm,replicated (both ranks)
vision/layers/22/norm1/bias,BF16,1152,2304,norm,replicated (both ranks)
vision/layers/22/norm1/weight,BF16,1152,2304,norm,replicated (both ranks)
vision/layers/22/norm2/bias,BF16,1152,2304,norm,replicated (both ranks)
vision/layers/22/norm2/weight,BF16,1152,2304,norm,replicated (both ranks)
vision/layers/23/norm1/bias,BF16,1152,2304,norm,replicated (both ranks)
vision/layers/23/norm1/weight,BF16,1152,2304,norm,replicated (both ranks)
vision/layers/23/norm2/bias,BF16,1152,2304,norm,replicated (both ranks)
vision/layers/23/norm2/weight,BF16,1152,2304,norm,replicated (both ranks)
vision/layers/24/norm1/bias,BF16,1152,2304,norm,replicated (both ranks)
vision/layers/24/norm1/weight,BF16,1152,2304,norm,replicated (both ranks)
vision/layers/24/norm2/bias,BF16,1152,2304,norm,replicated (both ranks)
vision/layers/24/norm2/weight,BF16,1152,2304,norm,replicated (both ranks)
vision/layers/25/norm1/bias,BF16,1152,2304,norm,replicated (both ranks)
vision/layers/25/norm1/weight,BF16,1152,2304,norm,replicated (both ranks)
vision/layers/25/norm2/bias,BF16,1152,2304,norm,replicated (both ranks)
vision/layers/25/norm2/weight,BF16,1152,2304,norm,replicated (both ranks)
vision/layers/26/norm1/bias,BF16,1152,2304,norm,replicated (both ranks)
vision/layers/26/norm1/weight,BF16,1152,2304,norm,replicated (both ranks)
vision/layers/26/norm2/bias,BF16,1152,2304,norm,replicated (both ranks)
vision/layers/26/norm2/weight,BF16,1152,2304,norm,replicated (both ranks)
vision/layers/3/norm1/bias,BF16,1152,2304,norm,replicated (both ranks)
vision/layers/3/norm1/weight,BF16,1152,2304,norm,replicated (both ranks)
vision/layers/3/norm2/bias,BF16,1152,2304,norm,replicated (both ranks)
vision/layers/3/norm2/weight,BF16,1152,2304,norm,replicated (both ranks)
vision/layers/4/norm1/bias,BF16,1152,2304,norm,replicated (both ranks)
vision/layers/4/norm1/weight,BF16,1152,2304,norm,replicated (both ranks)
vision/layers/4/norm2/bias,BF16,1152,2304,norm,replicated (both ranks)
vision/layers/4/norm2/weight,BF16,1152,2304,norm,replicated (both ranks)
vision/layers/5/norm1/bias,BF16,1152,2304,norm,replicated (both ranks)
vision/layers/5/norm1/weight,BF16,1152,2304,norm,replicated (both ranks)
vision/layers/5/norm2/bias,BF16,1152,2304,norm,replicated (both ranks)
vision/layers/5/norm2/weight,BF16,1152,2304,norm,replicated (both ranks)
vision/layers/6/norm1/bias,BF16,1152,2304,norm,replicated (both ranks)
vision/layers/6/norm1/weight,BF16,1152,2304,norm,replicated (both ranks)
vision/layers/6/norm2/bias,BF16,1152,2304,norm,replicated (both ranks)
vision/layers/6/norm2/weight,BF16,1152,2304,norm,replicated (both ranks)
vision/layers/7/norm1/bias,BF16,1152,2304,norm,replicated (both ranks)
vision/layers/7/norm1/weight,BF16,1152,2304,norm,replicated (both ranks)
vision/layers/7/norm2/bias,BF16,1152,2304,norm,replicated (both ranks)
vision/layers/7/norm2/weight,BF16,1152,2304,norm,replicated (both ranks)
vision/layers/8/norm1/bias,BF16,1152,2304,norm,replicated (both ranks)
vision/layers/8/norm1/weight,BF16,1152,2304,norm,replicated (both ranks)
vision/layers/8/norm2/bias,BF16,1152,2304,norm,replicated (both ranks)
vision/layers/8/norm2/weight,BF16,1152,2304,norm,replicated (both ranks)
vision/layers/9/norm1/bias,BF16,1152,2304,norm,replicated (both ranks)
vision/layers/9/norm1/weight,BF16,1152,2304,norm,replicated (both ranks)
vision/layers/9/norm2/bias,BF16,1152,2304,norm,replicated (both ranks)
vision/layers/9/norm2/weight,BF16,1152,2304,norm,replicated (both ranks)
vision/patch_embedding,Q6G64_F16S,1152x1536,1382400,patch_embedding,replicated (both ranks)
vision/patch_embedding_bias,BF16,1152,2304,patch_embedding,replicated (both ranks)
vision/position_embedding,BF16,2304x1152,5308416,position_embedding,replicated (both ranks)
TOTAL,,333 objects,295711648,all vision,
